name,dex,url
Bulbasaur,1,https://i.imgur.com/xSpdWqw.png
Ivysaur,2,https://i.imgur.com/Yjc2v1X.png
Venusaur,3,https://i.imgur.com/vRMaOmT.png
Charmander,4,https://i.imgur.com/yalozuD.png
Charmeleon,5,https://i.imgur.com/3ilJteX.png
Charizard,6,https://i.imgur.com/9xrmMnK.png
Squirtle,7,https://i.imgur.com/QXuOwCI.png
Wartortle,8,https://i.imgur.com/jZgg2M8.png
Blastoise,9,https://i.imgur.com/Q4sZDZj.png
Caterpie,10,https://i.imgur.com/hcTyTS5.png
Metapod,11,https://i.imgur.com/5TBzoWM.png
Butterfree,12,https://i.imgur.com/oA7o8mr.png
Weedle,13,https://i.imgur.com/J8b0JCj.png
Kakuna,14,https://i.imgur.com/07SQW7w.png
Beedrill,15,https://i.imgur.com/Vr35M1V.png
Pidgey,16,https://i.imgur.com/1pGvpSE.png
Pidgeotto,17,https://i.imgur.com/ySbPwLo.png
Pidgeot,18,https://i.imgur.com/agWMQWg.png
Alolan Rattata,19,https://i.imgur.com/3gBKjdn.png
Alolan Raticate,20,https://i.imgur.com/hVTy8xd.png
Spearow,21,https://i.imgur.com/0rQW3tK.png
Fearow,22,https://i.imgur.com/oo4X92Q.png
Ekans,23,https://i.imgur.com/b5O2KZo.png
Arbok,24,https://i.imgur.com/eeZ27Pr.png
Pikachu,25,https://i.imgur.com/kb5fPWL.png
Alolan Raichu,26,https://i.imgur.com/TJuoJUH.png
Alolan Sandshrew,27,https://i.imgur.com/nKCPoll.png
Alolan Sandslash,28,https://i.imgur.com/QkgZbvS.png
Nidoran♀,29,https://i.imgur.com/PzvyNLM.png
Nidorina,30,https://i.imgur.com/PPTp87h.png
Nidoqueen,31,https://i.imgur.com/okxKXgi.png
Nidoran♂,32,https://i.imgur.com/YAgOuk0.png
Nidorino,33,https://i.imgur.com/C4i4Eln.png
Nidoking,34,https://i.imgur.com/8H7M1yT.png
Clefairy,35,https://i.imgur.com/nJzz7RL.png
Clefable,36,https://i.imgur.com/am68vg6.png
Alolan Vulpix,37,https://i.imgur.com/SPve4To.png
Alolan Ninetales,38,https://i.imgur.com/8gLyqWm.png
Jigglypuff,39,https://i.imgur.com/zR7MaJ4.png
Wigglytuff,40,https://i.imgur.com/78Afroa.png
Zubat,41,https://i.imgur.com/2SFHYiE.png
Golbat,42,https://i.imgur.com/MqmUTQ0.png
Oddish,43,https://i.imgur.com/AplkaXl.png
Gloom,44,https://i.imgur.com/VKVReaH.png
Vileplume,45,https://i.imgur.com/IKKpWre.png
Paras,46,https://i.imgur.com/acABxwZ.png
Parasect,47,https://i.imgur.com/mLlHCs3.png
Venonat,48,https://i.imgur.com/jAXbo2i.png
Venomoth,49,https://i.imgur.com/YyJoPv5.png
Alolan Diglett,50,https://i.imgur.com/Bc7tiIL.png
Alolan Dugtrio,51,https://i.imgur.com/t2QMb0Y.png
Alolan Meowth,52,https://i.imgur.com/btLvjQE.png
Alolan Persian,53,https://i.imgur.com/LbxSQYM.png
Psyduck,54,https://i.imgur.com/YSrDCBO.png
Golduck,55,https://i.imgur.com/tLdNn2u.png
Mankey,56,https://i.imgur.com/BLKDfvs.png
Primeape,57,https://i.imgur.com/ykdaaSB.png
Growlithe,58,https://i.imgur.com/SUqnSP4.png
Arcanine,59,https://i.imgur.com/gamez3k.png
Poliwag,60,https://i.imgur.com/xRi3Uyi.png
Poliwhirl,61,https://i.imgur.com/Fwr2eYS.png
Poliwrath,62,https://i.imgur.com/6Vua3sW.png
Abra,63,https://i.imgur.com/aSS33g2.png
Kadabra,64,https://i.imgur.com/lhGm3IL.png
Alakazam,65,https://i.imgur.com/LNjhyC0.png
Machop,66,https://i.imgur.com/tsmOleX.png
Machoke,67,https://i.imgur.com/Q3htN1j.png
Machamp,68,https://i.imgur.com/aoRVUOq.png
Bellsprout,69,https://i.imgur.com/np6YaVg.png
Weepinbell,70,https://i.imgur.com/daeSpQW.png
Victreebel,71,https://i.imgur.com/t7QPLUQ.png
Tentacool,72,https://i.imgur.com/kICpRY8.png
Tentacruel,73,https://i.imgur.com/KKWNkHQ.png
Alolan Geodude,74,https://i.imgur.com/rh2uEhE.png
Alolan Graveler,75,https://i.imgur.com/UG8pXCq.png
Alolan Golem,76,https://i.imgur.com/h754iPK.png
Ponyta,77,https://i.imgur.com/nOYryC3.png
Rapidash,78,https://i.imgur.com/3R8N1FX.png
Slowpoke,79,https://i.imgur.com/i290m6J.png
Slowbro,80,https://i.imgur.com/LF5kDxm.png
Magnemite,81,https://i.imgur.com/eJCKb2r.png
Magneton,82,https://i.imgur.com/0D6xRq7.png
Farfetchd,83,https://i.imgur.com/zCaeMx7.png
Doduo,84,https://i.imgur.com/RbIvmTP.png
Dodrio,85,https://i.imgur.com/DqpH2rA.png
Seel,86,https://i.imgur.com/759tope.png
Dewgong,87,https://i.imgur.com/X6gf4VN.png
Alolan Grimer,88,https://i.imgur.com/ReIr37Y.png
Alolan Muk,89,https://i.imgur.com/YsRE5Ft.png
Shellder,90,https://i.imgur.com/Q9p6eps.png
Cloyster,91,https://i.imgur.com/GQiQpn4.png
Gastly,92,https://i.imgur.com/BOFc4Fn.png
Haunter,93,https://i.imgur.com/66EmU4u.png
Gengar,94,https://i.imgur.com/jKXYP5T.png
Onix,95,https://i.imgur.com/oK3cFPf.png
Drowzee,96,https://i.imgur.com/D7A70cC.png
Hypno,97,https://i.imgur.com/OobmhJ1.png
Krabby,98,https://i.imgur.com/owemftz.png
Kingler,99,https://i.imgur.com/KnrTZ2G.png
Voltorb,100,https://i.imgur.com/e8iAlND.png
Electrode,101,https://i.imgur.com/TTp1Ize.png
Exeggcute,102,https://i.imgur.com/2RgJO0e.png
Alolan Exeggutor,103,https://i.imgur.com/7oxsERc.png
Cubone,104,https://i.imgur.com/sdBsyPW.png
Alolan Marowak,105,https://i.imgur.com/imvMWaL.png
Hitmonlee,106,https://i.imgur.com/j85UpcI.png
Hitmonchan,107,https://i.imgur.com/32RIckj.png
Lickitung,108,https://i.imgur.com/m25LXG8.png
Koffing,109,https://i.imgur.com/UahAc0W.png
Weezing,110,https://i.imgur.com/G5egkkk.png
Rhyhorn,111,https://i.imgur.com/zmJ6Xfx.png
Rhydon,112,https://i.imgur.com/lMLC13E.png
Chansey,113,https://i.imgur.com/frDNdI7.png
Tangela,114,https://i.imgur.com/BVEcI7n.png
Kangaskhan,115,https://i.imgur.com/a1cgDRL.png
Horsea,116,https://i.imgur.com/Crjb9t8.png
Seadra,117,https://i.imgur.com/XFLJSU1.png
Goldeen,118,https://i.imgur.com/ksjJEef.png
Seaking,119,https://i.imgur.com/GqqeAtN.png
Staryu,120,https://i.imgur.com/Twlt0ok.png
Starmie,121,https://i.imgur.com/8usIqwq.png
Mr. Mime,122,https://i.imgur.com/JyzawQ7.png
Scyther,123,https://i.imgur.com/VJ7LwTW.png
Jynx,124,https://i.imgur.com/YS10BAx.png
Electabuzz,125,https://i.imgur.com/POXlRzn.png
Magmar,126,https://i.imgur.com/OX0kwtB.png
Pinsir,127,https://i.imgur.com/yTSWK5N.png
Tauros,128,https://i.imgur.com/9rZhM7V.png
Magikarp,129,https://i.imgur.com/Dkj3fJw.png
Gyarados,130,https://i.imgur.com/8WLrGp1.png
Lapras,131,https://i.imgur.com/Ygof8MD.png
Ditto,132,https://i.imgur.com/7GdjFaq.png
Eevee,133,https://i.imgur.com/gNkNCRR.png
Vaporeon,134,https://i.imgur.com/KnLbLlV.png
Jolteon,135,https://i.imgur.com/DmsGCyY.png
Flareon,136,https://i.imgur.com/hnHIrD1.png
Porygon,137,https://i.imgur.com/YcCpL1o.png
Omanyte,138,https://i.imgur.com/JO6j2ry.png
Omastar,139,https://i.imgur.com/KNKmMOz.png
Kabuto,140,https://i.imgur.com/PaUMIEw.png
Kabutops,141,https://i.imgur.com/lXAMjFD.png
Aerodactyl,142,https://i.imgur.com/KGQxt5G.png
Snorlax,143,https://i.imgur.com/bT2oL5A.png
Articuno,144,https://i.imgur.com/A4Ea6Yl.png
Zapdos,145,https://i.imgur.com/R830RYO.png
Moltres,146,https://i.imgur.com/3SmXS1c.png
Dratini,147,https://i.imgur.com/ByCJMs5.png
Dragonair,148,https://i.imgur.com/LI3Nchs.png
Dragonite,149,https://i.imgur.com/ZUI1ikc.png
Mewtwo,150,https://i.imgur.com/wSbED79.png
Mew,151,https://i.imgur.com/TGKJgBm.png
Mega Mewtwo Y,151,https://i.imgur.com/LYLtSZx.png
Chikorita,152,https://i.imgur.com/juqbT1p.png
Bayleef,153,https://i.imgur.com/2jVWJpp.png
Meganium,154,https://i.imgur.com/sKRtpCH.png
Cyndaquil,155,https://i.imgur.com/f9JOteA.png
Quilava,156,https://i.imgur.com/89x12CQ.png
Typhlosion,157,https://i.imgur.com/y6apVFK.png
Totodile,158,https://i.imgur.com/5sMYbEi.png
Croconaw,159,https://i.imgur.com/qT0W67p.png
Feraligatr,160,https://i.imgur.com/gVrxZr5.png
Sentret,161,https://i.imgur.com/HtKHxe9.png
Furret,162,https://i.imgur.com/mbArUTq.png
Hoothoot,163,https://i.imgur.com/UpASpWX.png
Noctowl,164,https://i.imgur.com/C4hPetj.png
Ledyba,165,https://i.imgur.com/IRIImpP.png
Ledian,166,https://i.imgur.com/fdC8NBT.png
Spinarak,167,https://i.imgur.com/ndOjHIe.png
Ariados,168,https://i.imgur.com/wmKCoCQ.png
Crobat,169,https://i.imgur.com/QhaX4AF.png
Chinchou,170,https://i.imgur.com/7GHtzoC.png
Lanturn,171,https://i.imgur.com/JyVOdd4.png
Pichu,172,https://i.imgur.com/3kkKdkN.png
Cleffa,173,https://i.imgur.com/nl6fhyA.png
Igglybuff,174,https://i.imgur.com/Vr8uEw3.png
Togepi,175,https://i.imgur.com/s8JTjCF.png
Togetic,176,https://i.imgur.com/x6ZSV8x.png
Natu,177,https://i.imgur.com/Q4SvvKx.png
Xatu,178,https://i.imgur.com/yXCjzQa.png
Mareep,179,https://i.imgur.com/lpJPFZ8.png
Flaaffy,180,https://i.imgur.com/U2XJBg1.png
Ampharos,181,https://i.imgur.com/pvCtk7t.png
Bellossom,182,https://i.imgur.com/bybIeut.png
Marill,183,https://i.imgur.com/dDH9U3s.png
Azumarill,184,https://i.imgur.com/v737fZd.png
Sudowoodo,185,https://i.imgur.com/mI7BT5x.png
Politoed,186,https://i.imgur.com/7QTrnUF.png
Hoppip,187,https://i.imgur.com/0lbHN9q.png
Skiploom,188,https://i.imgur.com/9BOcjBx.png
Jumpluff,189,https://i.imgur.com/WAr8QP4.png
Aipom,190,https://i.imgur.com/I6ZrQT0.png
Sunkern,191,https://i.imgur.com/5QCfWpR.png
Sunflora,192,https://i.imgur.com/dQS1TqI.png
Yanma,193,https://i.imgur.com/3DIkxB7.png
Wooper,194,https://i.imgur.com/CYmONEd.png
Quagsire,195,https://i.imgur.com/KvJkhuF.png
Espeon,196,https://i.imgur.com/64MFU6j.png
Umbreon,197,https://i.imgur.com/4AEasvx.png
Murkrow,198,https://i.imgur.com/hAm2rSV.png
Slowking,199,https://i.imgur.com/g8GJDHT.png
Misdreavus,200,https://i.imgur.com/4OlLelh.png
Unown,201,https://i.imgur.com/d2DQBtO.png
Wobbuffet,202,https://i.imgur.com/kb7Pn4R.png
Girafarig,203,https://i.imgur.com/HaaKfSu.png
Pineco,204,https://i.imgur.com/bzDDJiC.png
Forretress,205,https://i.imgur.com/3gW0aeO.png
Dunsparce,206,https://i.imgur.com/OQJft2P.png
Gligar,207,https://i.imgur.com/13E35AO.png
Steelix,208,https://i.imgur.com/SrdDjpu.png
Snubbull,209,https://i.imgur.com/PmC09Ee.png
Granbull,210,https://i.imgur.com/tK1GJ0G.png
Qwilfish,211,https://i.imgur.com/gQvEwf7.png
Scizor,212,https://i.imgur.com/1SqGpqb.png
Shuckle,213,https://i.imgur.com/ToybY7L.png
Heracross,214,https://i.imgur.com/EsC1jC5.png
Sneasel,215,https://i.imgur.com/u0yIP6q.png
Teddiursa,216,https://i.imgur.com/9IjAfaI.png
Ursaring,217,https://i.imgur.com/ZdykmGC.png
Slugma,218,https://i.imgur.com/gREKlVZ.png
Magcargo,219,https://i.imgur.com/cVl00jx.png
Swinub,220,https://i.imgur.com/EdCc1h4.png
Piloswine,221,https://i.imgur.com/NssLGjh.png
Corsola,222,https://i.imgur.com/n2lGKBb.png
Remoraid,223,https://i.imgur.com/d06ZN59.png
Octillery,224,https://i.imgur.com/q9rJ0nq.png
Delibird,225,https://i.imgur.com/70QZtTM.png
Mantine,226,https://i.imgur.com/yGWBOsI.png
Skarmory,227,https://i.imgur.com/9JpPWZV.png
Houndour,228,https://i.imgur.com/eOQl0En.png
Houndoom,229,https://i.imgur.com/8U6DBn3.png
Kingdra,230,https://i.imgur.com/QCaH3tl.png
Phanpy,231,https://i.imgur.com/0OtPIyU.png
Donphan,232,https://i.imgur.com/tRAxf8E.png
Porygon2,233,https://i.imgur.com/CYkunWY.png
Stantler,234,https://i.imgur.com/QdjXDVg.png
Smeargle,235,https://i.imgur.com/M9UqdoZ.png
Tyrogue,236,https://i.imgur.com/C5Tqsmh.png
Hitmontop,237,https://i.imgur.com/34YsPF8.png
Smoochum,238,https://i.imgur.com/cI6i7fC.png
Elekid,239,https://i.imgur.com/n6FyvRg.png
Magby,240,https://i.imgur.com/OkiW8Oo.png
Miltank,241,https://i.imgur.com/ZiXKj8n.png
Blissey,242,https://i.imgur.com/qyS9ZF7.png
Raikou,243,https://i.imgur.com/sDHtKMm.png
Entei,244,https://i.imgur.com/yAHIK0o.png
Suicune,245,https://i.imgur.com/J3YPvbX.png
Larvitar,246,https://i.imgur.com/IhwWX5m.png
Pupitar,247,https://i.imgur.com/YjjH2Il.png
Tyranitar,248,https://i.imgur.com/RqDDdyK.png
Lugia,249,https://i.imgur.com/LpvY4sk.png
Ho-Oh,250,https://i.imgur.com/5N93Ibg.png
Celebi,251,https://i.imgur.com/KSs4Pio.png
Treecko,252,https://i.imgur.com/JkW33yN.png
Grovyle,253,https://i.imgur.com/5dzrox4.png
Sceptile,254,https://i.imgur.com/ZW6gtmC.png
Torchic,255,https://i.imgur.com/QoYN0wg.png
Combusken,256,https://i.imgur.com/fZirw2d.png
Blaziken,257,https://i.imgur.com/F5qwsXY.png
Mudkip,258,https://i.imgur.com/wvxfcYK.png
Marshtomp,259,https://i.imgur.com/WXJBbe6.png
Swampert,260,https://i.imgur.com/nANG2Oa.png
Poochyena,261,https://i.imgur.com/dPipDB4.png
Mightyena,262,https://i.imgur.com/Ply2ySb.png
Zigzagoon,263,https://i.imgur.com/8z2AMz4.png
Linoone,264,https://i.imgur.com/zqpJuG8.png
Wurmple,265,https://i.imgur.com/5TMrBm7.png
Silcoon,266,https://i.imgur.com/6PljHgO.png
Beautifly,267,https://i.imgur.com/xtkoyDh.png
Cascoon,268,https://i.imgur.com/3zvT0UZ.png
Dustox,269,https://i.imgur.com/GeABXld.png
Lotad,270,https://i.imgur.com/LaNQipN.png
Lombre,271,https://i.imgur.com/FeU2CdS.png
Ludicolo,272,https://i.imgur.com/rexog8z.png
Seedot,273,https://i.imgur.com/fD6hryB.png
Nuzleaf,274,https://i.imgur.com/MGFXXVJ.png
Shiftry,275,https://i.imgur.com/0AfViN9.png
Taillow,276,https://i.imgur.com/n5RAvcd.png
Swellow,277,https://i.imgur.com/W4wFZ4E.png
Wingull,278,https://i.imgur.com/oKkFVHK.png
Pelipper,279,https://i.imgur.com/d4lSzgx.png
Ralts,280,https://i.imgur.com/LcB2NUK.png
Kirlia,281,https://i.imgur.com/SqbKrCl.png
Gardevoir,282,https://i.imgur.com/HidIXD4.png
Surskit,283,https://i.imgur.com/M47BWzn.png
Masquerain,284,https://i.imgur.com/06UIDlI.png
Shroomish,285,https://i.imgur.com/vmRSNBe.png
Breloom,286,https://i.imgur.com/1dUUihn.png
Slakoth,287,https://i.imgur.com/a1dcuhB.png
Vigoroth,288,https://i.imgur.com/KXEkd37.png
Slaking,289,https://i.imgur.com/eiLr4Hm.png
Nincada,290,https://i.imgur.com/2Xw3T8a.png
Ninjask,291,https://i.imgur.com/Ma6tbk9.png
Shedinja,292,https://i.imgur.com/w9bxW6w.png
Whismur,293,https://i.imgur.com/oarlblO.png
Loudred,294,https://i.imgur.com/Omg8amU.png
Exploud,295,https://i.imgur.com/Ai8NN6A.png
Makuhita,296,https://i.imgur.com/pCGAEtS.png
Hariyama,297,https://i.imgur.com/WRtSBQ3.png
Azurill,298,https://i.imgur.com/KA83nIP.png
Nosepass,299,https://i.imgur.com/nO5QDa5.png
Skitty,300,https://i.imgur.com/QddSuaH.png
Delcatty,301,https://i.imgur.com/Qa5n9wi.png
Sableye,302,https://i.imgur.com/xKrbLQs.png
Mawile,303,https://i.imgur.com/SqfINfs.png
Aron,304,https://i.imgur.com/Ck0asG3.png
Lairon,305,https://i.imgur.com/CfSFuqy.png
Aggron,306,https://i.imgur.com/LHXtHRj.png
Meditite,307,https://i.imgur.com/DrjBucJ.png
Medicham,308,https://i.imgur.com/YvWyHmj.png
Electrike,309,https://i.imgur.com/OxxX9oy.png
Manectric,310,https://i.imgur.com/jRJBrik.png
Plusle,311,https://i.imgur.com/beYGoLs.png
Minun,312,https://i.imgur.com/ExBFs7y.png
Volbeat,313,https://i.imgur.com/viLJs8D.png
Illumise,314,https://i.imgur.com/ujGnQRU.png
Roselia,315,https://i.imgur.com/OL7wj63.png
Gulpin,316,https://i.imgur.com/Po11Mon.png
Swalot,317,https://i.imgur.com/vIsBFAe.png
Carvanha,318,https://i.imgur.com/b9EnZDe.png
Sharpedo,319,https://i.imgur.com/G6wsZIt.png
Wailmer,320,https://i.imgur.com/prrIE7x.png
Wailord,321,https://i.imgur.com/lreb08P.png
Numel,322,https://i.imgur.com/oq4lV1O.png
Camerupt,323,https://i.imgur.com/uDy6DWs.png
Torkoal,324,https://i.imgur.com/aueS1I5.png
Spoink,325,https://i.imgur.com/AlF80vr.png
Grumpig,326,https://i.imgur.com/LmwIGAr.png
Spinda,327,https://i.imgur.com/WSMwZd9.png
Trapinch,328,https://i.imgur.com/PLOPZqW.png
Vibrava,329,https://i.imgur.com/kFJRNH7.png
Flygon,330,https://i.imgur.com/3eAcebF.png
Cacnea,331,https://i.imgur.com/5jS5Rgz.png
Cacturne,332,https://i.imgur.com/gyonzpm.png
Swablu,333,https://i.imgur.com/UfR57t2.png
Altaria,334,https://i.imgur.com/7F1ZDfm.png
Zangoose,335,https://i.imgur.com/h1A6FzI.png
Seviper,336,https://i.imgur.com/Lou5RUE.png
Lunatone,337,https://i.imgur.com/d048CQi.png
Solrock,338,https://i.imgur.com/7aCxpvz.png
Barboach,339,https://i.imgur.com/XdUFhH6.png
Whiscash,340,https://i.imgur.com/vIUssUd.png
Corphish,341,https://i.imgur.com/HATyx8f.png
Crawdaunt,342,https://i.imgur.com/K5sHIC2.png
Baltoy,343,https://i.imgur.com/T8b9TZy.png
Claydol,344,https://i.imgur.com/blZKIpF.png
Lileep,345,https://i.imgur.com/qnLiOIT.png
Cradily,346,https://i.imgur.com/bt76GrY.png
Anorith,347,https://i.imgur.com/ISepdq3.png
Armaldo,348,https://i.imgur.com/xNnHkxF.png
Feebas,349,https://i.imgur.com/vRJYHOb.png
Milotic,350,https://i.imgur.com/ZcOlWA8.png
Castform,351,https://i.imgur.com/tEpDaqt.png
Kecleon,352,https://i.imgur.com/tp2Oryg.png
Shuppet,353,https://i.imgur.com/jFHGW2h.png
Banette,354,https://i.imgur.com/nUWlmiT.png
Duskull,355,https://i.imgur.com/qw6Geln.png
Dusclops,356,https://i.imgur.com/8YzgYyQ.png
Tropius,357,https://i.imgur.com/Spls3Je.png
Chimecho,358,https://i.imgur.com/MMV9Aqo.png
Absol,359,https://i.imgur.com/H7WNFx1.png
Wynaut,360,https://i.imgur.com/jgA8rJd.png
Snorunt,361,https://i.imgur.com/chHsxCb.png
Glalie,362,https://i.imgur.com/pDO5u1y.png
Spheal,363,https://i.imgur.com/T8cviLm.png
Sealeo,364,https://i.imgur.com/YgG0YIc.png
Walrein,365,https://i.imgur.com/QSNaxpv.png
Clamperl,366,https://i.imgur.com/4S2ex94.png
Huntail,367,https://i.imgur.com/PIFIovR.png
Gorebyss,368,https://i.imgur.com/qcUGMha.png
Relicanth,369,https://i.imgur.com/YDPIyaI.png
Luvdisc,370,https://i.imgur.com/gQn5cgQ.png
Bagon,371,https://i.imgur.com/sW3ih74.png
Shelgon,372,https://i.imgur.com/PFB4mL6.png
Salamence,373,https://i.imgur.com/zc4xVLu.png
Beldum,374,https://i.imgur.com/wPNpqkK.png
Metang,375,https://i.imgur.com/nYoiYsh.png
Metagross,376,https://i.imgur.com/G879KPM.png
Regirock,377,https://i.imgur.com/53Pgpsq.png
Regice,378,https://i.imgur.com/PcffZf5.png
Registeel,379,https://i.imgur.com/ReDjjU8.png
Latias,380,https://i.imgur.com/9vAiurV.png
Latios,381,https://i.imgur.com/JkXrfo7.png
Kyogre,382,https://i.imgur.com/Cb4MZrG.png
Groudon,383,https://i.imgur.com/hSjoxiU.png
Rayquaza,384,https://i.imgur.com/fMUSwqh.png
Jirachi,385,https://i.imgur.com/iqR9VHb.png
Deoxys,386,https://i.imgur.com/L7pU4Zj.png
Turtwig,387,https://i.imgur.com/M9A8hxZ.png
Grotle,388,https://i.imgur.com/J4Fq40y.png
Torterra,389,https://i.imgur.com/icNtOjv.png
Chimchar,390,https://i.imgur.com/uCZUHoe.png
Monferno,391,https://i.imgur.com/HWitjVO.png
Infernape,392,https://i.imgur.com/WDTebQQ.png
Piplup,393,https://i.imgur.com/Y9pHfoc.png
Prinplup,394,https://i.imgur.com/9ZaHmO2.png
Empoleon,395,https://i.imgur.com/CSFb6yW.png
Starly,396,https://i.imgur.com/dcuxzt7.png
Staravia,397,https://i.imgur.com/yIoLCh7.png
Staraptor,398,https://i.imgur.com/eipwkkp.png
Bidoof,399,https://i.imgur.com/9qdLJUJ.png
Bibarel,400,https://i.imgur.com/GDszrSr.png
Kricketot,401,https://i.imgur.com/sccO2pV.png
Kricketune,402,https://i.imgur.com/0bHEfZs.png
Shinx,403,https://i.imgur.com/q1yrOUj.png
Luxio,404,https://i.imgur.com/z2aIE4H.png
Luxray,405,https://i.imgur.com/pR4rKl2.png
Budew,406,https://i.imgur.com/Ek0YnjP.png
Roserade,407,https://i.imgur.com/6JGsqQ5.png
Cranidos,408,https://i.imgur.com/SePfQQU.png
Rampardos,409,https://i.imgur.com/vdUMzpP.png
Shieldon,410,https://i.imgur.com/up2eCU4.png
Bastiodon,411,https://i.imgur.com/mbWv2nS.png
Burmy,412,https://i.imgur.com/owPP1hK.png
Wormadam,413,https://i.imgur.com/6cDxd95.png
Mothim,414,https://i.imgur.com/O3SUIjd.png
Combee,415,https://i.imgur.com/vid2utD.png
Vespiquen,416,https://i.imgur.com/QBynwJn.png
Pachirisu,417,https://i.imgur.com/goG60hC.png
Buizel,418,https://i.imgur.com/88rHQo7.png
Floatzel,419,https://i.imgur.com/95LLmn6.png
Cherubi,420,https://i.imgur.com/hDKFHrO.png
Cherrim,421,https://i.imgur.com/q357tZK.png
Shellos,422,https://i.imgur.com/5bKdp6h.png
Gastrodon,423,https://i.imgur.com/djg7iM3.png
Ambipom,424,https://i.imgur.com/K1Jjdqy.png
Drifloon,425,https://i.imgur.com/P357i0i.png
Drifblim,426,https://i.imgur.com/QseMsq6.png
Buneary,427,https://i.imgur.com/lz552aT.png
Lopunny,428,https://i.imgur.com/py5nGNM.png
Mismagius,429,https://i.imgur.com/2LqtKwi.png
Honchkrow,430,https://i.imgur.com/zrXFl58.png
Glameow,431,https://i.imgur.com/7HieUrJ.png
Purugly,432,https://i.imgur.com/KU8Sd2w.png
Chingling,433,https://i.imgur.com/zBFVYPP.png
Stunky,434,https://i.imgur.com/0PGy3b2.png
Skuntank,435,https://i.imgur.com/c6F3qKZ.png
Bronzor,436,https://i.imgur.com/HsnYYVc.png
Bronzong,437,https://i.imgur.com/Fz3vu9v.png
Bonsly,438,https://i.imgur.com/KQKS6UD.png
Mime Jr.,439,https://i.imgur.com/Hl7ncL6.png
Happiny,440,https://i.imgur.com/rhqUaGv.png
Chatot,441,https://i.imgur.com/FXmiSeI.png
Spiritomb,442,https://i.imgur.com/aOD8U5b.png
Gible,443,https://i.imgur.com/tcfSfgA.png
Gabite,444,https://i.imgur.com/LiwQm8L.png
Garchomp,445,https://i.imgur.com/Llf2JbV.png
Munchlax,446,https://i.imgur.com/NEqVlwx.png
Riolu,447,https://i.imgur.com/fwdbK22.png
Lucario,448,https://i.imgur.com/D4SiKlz.png
Hippopotas,449,https://i.imgur.com/Zis2gvO.png
Hippowdon,450,https://i.imgur.com/mXefrzC.png
Skorupi,451,https://i.imgur.com/QzcgG64.png
Drapion,452,https://i.imgur.com/XNuPXt0.png
Croagunk,453,https://i.imgur.com/YAuryPC.png
Toxicroak,454,https://i.imgur.com/pD0k8BA.png
Carnivine,455,https://i.imgur.com/DfsLJpK.png
Finneon,456,https://i.imgur.com/xtbQ73x.png
Lumineon,457,https://i.imgur.com/pwl2UmM.png
Mantyke,458,https://i.imgur.com/mpM9pbn.png
Snover,459,https://i.imgur.com/XJOT0rZ.png
Abomasnow,460,https://i.imgur.com/46n0iSs.png
Weavile,461,https://i.imgur.com/Ty6sJQt.png
Magnezone,462,https://i.imgur.com/93sg5Yh.png
Lickilicky,463,https://i.imgur.com/d3g85bH.png
Rhyperior,464,https://i.imgur.com/nStLzwi.png
Tangrowth,465,https://i.imgur.com/Ah7vwU0.png
Electivire,466,https://i.imgur.com/9qEvXET.png
Magmortar,467,https://i.imgur.com/7hItXgo.png
Togekiss,468,https://i.imgur.com/KtAvL2h.png
Yanmega,469,https://i.imgur.com/wSQ7CoF.png
Leafeon,470,https://i.imgur.com/PCRYeDL.png
Glaceon,471,https://i.imgur.com/T5ffBV7.png
Gliscor,472,https://i.imgur.com/hEJnCiz.png
Mamoswine,473,https://i.imgur.com/j2Je4lk.png
Porygon-Z,474,https://i.imgur.com/ZNpvrwT.png
Gallade,475,https://i.imgur.com/EOYzeC5.png
Probopass,476,https://i.imgur.com/Iaf5aZq.png
Dusknoir,477,https://i.imgur.com/bNGQpHm.png
Froslass,478,https://i.imgur.com/BGyZFy4.png
Rotom,479,https://i.imgur.com/Q9Hiw44.png
Uxie,480,https://i.imgur.com/QCXPgyR.png
Mesprit,481,https://i.imgur.com/4MnLYKP.png
Azelf,482,https://i.imgur.com/1pKOYN7.png
Dialga,483,https://i.imgur.com/8rTtuoh.png
Palkia,484,https://i.imgur.com/cRsub5F.png
Heatran,485,https://i.imgur.com/Zgci86o.png
Regigigas,486,https://i.imgur.com/QoibGCU.png
Giratina,487,https://i.imgur.com/ubcRlIX.png
Cresselia,488,https://i.imgur.com/eMpOWm4.png
Phione,489,https://i.imgur.com/hfshowp.png
Manaphy,490,https://i.imgur.com/svepxxj.png
Darkrai,491,https://i.imgur.com/C8GaqSb.png
Shaymin,492,https://i.imgur.com/U7XyU8H.png
Arceus,493,https://i.imgur.com/bofyvTq.png
Victini,494,https://i.imgur.com/lefkDIM.png
Snivy,495,https://i.imgur.com/cBsAQPb.png
Servine,496,https://i.imgur.com/NMKSIz5.png
Serperior,497,https://i.imgur.com/WK5bj0i.png
Tepig,498,https://i.imgur.com/5LnTuXN.png
Pignite,499,https://i.imgur.com/6taaRf3.png
Emboar,500,https://i.imgur.com/IpgViAb.png
Oshawott,501,https://i.imgur.com/rhN8vsv.png
Dewott,502,https://i.imgur.com/IFAF8Bl.png
Samurott,503,https://i.imgur.com/FNcvUDO.png
Patrat,504,https://i.imgur.com/bMikMqZ.png
Watchog,505,https://i.imgur.com/oz3RLDY.png
Lillipup,506,https://i.imgur.com/kPy7BzS.png
Herdier,507,https://i.imgur.com/mHf0cqH.png
Stoutland,508,https://i.imgur.com/QEkvjxi.png
Purrloin,509,https://i.imgur.com/NeH67SD.png
Liepard,510,https://i.imgur.com/YkTxeBR.png
Pansage,511,https://i.imgur.com/LCUN5e8.png
Simisage,512,https://i.imgur.com/rROLUrF.png
Pansear,513,https://i.imgur.com/7YZ1DbL.png
Simisear,514,https://i.imgur.com/edqOSGV.png
Panpour,515,https://i.imgur.com/lJpPLpF.png
Simipour,516,https://i.imgur.com/iGFxveh.png
Munna,517,https://i.imgur.com/26ogTq9.png
Musharna,518,https://i.imgur.com/tDwtEqJ.png
Pidove,519,https://i.imgur.com/ngxubey.png
Tranquill,520,https://i.imgur.com/uqemYx9.png
Unfezant,521,https://i.imgur.com/487c8Ki.png
Blitzle,522,https://i.imgur.com/S8C156f.png
Zebstrika,523,https://i.imgur.com/tG2RZRC.png
Roggenrola,524,https://i.imgur.com/IfitjCA.png
Boldore,525,https://i.imgur.com/oEW0dp5.png
Gigalith,526,https://i.imgur.com/EcwxC6s.png
Woobat,527,https://i.imgur.com/wvvcKaX.png
Swoobat,528,https://i.imgur.com/zAMWdGT.png
Drilbur,529,https://i.imgur.com/DjwtIRW.png
Excadrill,530,https://i.imgur.com/tbrDWNv.png
Audino,531,https://i.imgur.com/pnCnErB.png
Timburr,532,https://i.imgur.com/uHViJDQ.png
Gurdurr,533,https://i.imgur.com/Q3UZOxF.png
Conkeldurr,534,https://i.imgur.com/MLebLOa.png
Tympole,535,https://i.imgur.com/rYIYkqQ.png
Palpitoad,536,https://i.imgur.com/fkQweym.png
Seismitoad,537,https://i.imgur.com/p43pTLc.png
Throh,538,https://i.imgur.com/lPCbg0o.png
Sawk,539,https://i.imgur.com/LaEcR0W.png
Sewaddle,540,https://i.imgur.com/wzvirRn.png
Swadloon,541,https://i.imgur.com/6jo6Vuu.png
Leavanny,542,https://i.imgur.com/gJIoDhq.png
Venipede,543,https://i.imgur.com/yyhaE1q.png
Whirlipede,544,https://i.imgur.com/4tQ7Eph.png
Scolipede,545,https://i.imgur.com/ednphx9.png
Cottonee,546,https://i.imgur.com/6oADaVI.png
Whimsicott,547,https://i.imgur.com/udUhFsh.png
Petilil,548,https://i.imgur.com/xXC3Cx0.png
Lilligant,549,https://i.imgur.com/7UVzO70.png
Basculin,550,https://i.imgur.com/33Mh8HQ.png
Sandile,551,https://i.imgur.com/TUwb5gq.png
Krokorok,552,https://i.imgur.com/0NzxCBo.png
Krookodile,553,https://i.imgur.com/Mj5OCUh.png
Darumaka,554,https://i.imgur.com/PYZwPWR.png
Darmanitan,555,https://i.imgur.com/KKcFDqi.png
Maractus,556,https://i.imgur.com/hNwCKvJ.png
Dwebble,557,https://i.imgur.com/OQq0ER6.png
Crustle,558,https://i.imgur.com/tqHG68P.png
Scraggy,559,https://i.imgur.com/9Z5HWQi.png
Scrafty,560,https://i.imgur.com/a9Pl3qj.png
Sigilyph,561,https://i.imgur.com/sEl5iRB.png
Yamask,562,https://i.imgur.com/99O8m8d.png
Cofagrigus,563,https://i.imgur.com/j4bU8g2.png
Tirtouga,564,https://i.imgur.com/4hIvtHQ.png
Carracosta,565,https://i.imgur.com/YNRbt5u.png
Archen,566,https://i.imgur.com/DvJEiYy.png
Archeops,567,https://i.imgur.com/XOGIu32.png
Trubbish,568,https://i.imgur.com/2zGbjiF.png
Garbodor,569,https://i.imgur.com/HjfNWHx.png
Zorua,570,https://i.imgur.com/Q7ezbwV.png
Zoroark,571,https://i.imgur.com/c2BCNgB.png
Minccino,572,https://i.imgur.com/PUdgHjG.png
Cinccino,573,https://i.imgur.com/fVU7RB1.png
Gothita,574,https://i.imgur.com/aSMvDvt.png
Gothorita,575,https://i.imgur.com/a5xQiqX.png
Gothitelle,576,https://i.imgur.com/d0nVQ7a.png
Solosis,577,https://i.imgur.com/Uw7RCfj.png
Duosion,578,https://i.imgur.com/wpM9sIq.png
Reuniclus,579,https://i.imgur.com/PYB8vbP.png
Ducklett,580,https://i.imgur.com/1PgfOSr.png
Swanna,581,https://i.imgur.com/jnUqvfB.png
Vanillite,582,https://i.imgur.com/utDBOo0.png
Vanillish,583,https://i.imgur.com/2quGbnv.png
Vanilluxe,584,https://i.imgur.com/HdgKnpe.png
Deerling,585,https://i.imgur.com/5L95hWP.png
Sawsbuck,586,https://i.imgur.com/iz8EzvN.png
Emolga,587,https://i.imgur.com/ROJd6IM.png
Karrablast,588,https://i.imgur.com/zNv8qJR.png
Escavalier,589,https://i.imgur.com/nvYARbS.png
Foongus,590,https://i.imgur.com/CmfajT3.png
Amoonguss,591,https://i.imgur.com/OxTfEOo.png
Frillish,592,https://i.imgur.com/1pMsGa3.png
Jellicent,593,https://i.imgur.com/YaKyE5p.png
Alomomola,594,https://i.imgur.com/FZ9OUzx.png
Joltik,595,https://i.imgur.com/xDXRFEg.png
Galvantula,596,https://i.imgur.com/6hELt1q.png
Ferroseed,597,https://i.imgur.com/PEDDpXT.png
Ferrothorn,598,https://i.imgur.com/SVwPiIh.png
Klink,599,https://i.imgur.com/T4w9q5S.png
Klang,600,https://i.imgur.com/BpUAADn.png
Klinklang,601,https://i.imgur.com/V4Y7A7G.png
Tynamo,602,https://i.imgur.com/QuCLrhg.png
Eelektrik,603,https://i.imgur.com/bbAFmi4.png
Eelektross,604,https://i.imgur.com/Ariy9qh.png
Elgyem,605,https://i.imgur.com/nRdmfZ1.png
Beheeyem,606,https://i.imgur.com/TErmLTC.png
Litwick,607,https://i.imgur.com/l2u7ugd.png
Lampent,608,https://i.imgur.com/lFOALwa.png
Chandelure,609,https://i.imgur.com/Omkt30d.png
Axew,610,https://i.imgur.com/VP1Fqwp.png
Fraxure,611,https://i.imgur.com/grYs4o3.png
Haxorus,612,https://i.imgur.com/59vJN2i.png
Cubchoo,613,https://i.imgur.com/hFombTp.png
Beartic,614,https://i.imgur.com/aXtRM8K.png
Cryogonal,615,https://i.imgur.com/epAJIh2.png
Shelmet,616,https://i.imgur.com/Wb3vqFT.png
Accelgor,617,https://i.imgur.com/1ztbgdF.png
Stunfisk,618,https://i.imgur.com/I4YCbGJ.png
Mienfoo,619,https://i.imgur.com/K5OVC1Y.png
Mienshao,620,https://i.imgur.com/8hP2hnV.png
Druddigon,621,https://i.imgur.com/1MxLDkX.png
Golett,622,https://i.imgur.com/KV6w8ab.png
Golurk,623,https://i.imgur.com/0VuqKnK.png
Pawniard,624,https://i.imgur.com/nQUiLY7.png
Bisharp,625,https://i.imgur.com/7nPpcp0.png
Bouffalant,626,https://i.imgur.com/k1O40Rs.png
Rufflet,627,https://i.imgur.com/wprbkOo.png
Braviary,628,https://i.imgur.com/DYpPWIS.png
Vullaby,629,https://i.imgur.com/l5GNlQA.png
Mandibuzz,630,https://i.imgur.com/i8xRbOi.png
Heatmor,631,https://i.imgur.com/V0EMAHY.png
Durant,632,https://i.imgur.com/QBNHZSx.png
Deino,633,https://i.imgur.com/JyZlx3f.png
Zweilous,634,https://i.imgur.com/TEEBCsY.png
Hydreigon,635,https://i.imgur.com/0LIL1RG.png
Larvesta,636,https://i.imgur.com/8EHkgIn.png
Volcarona,637,https://i.imgur.com/OiMsV1t.png
Cobalion,638,https://i.imgur.com/OVnbSAP.png
Terrakion,639,https://i.imgur.com/VUoJFoI.png
Virizion,640,https://i.imgur.com/0hrfg8W.png
Tornadus,641,https://i.imgur.com/067rdoG.png
Thundurus,642,https://i.imgur.com/Ksu6VTp.png
Reshiram,643,https://i.imgur.com/QQUQmS6.png
Zekrom,644,https://i.imgur.com/FqedIDK.png
Landorus,645,https://i.imgur.com/ErLrJdh.png
Kyurem,646,https://i.imgur.com/SyPfyjm.png
Keldeo,647,https://i.imgur.com/PtuVGp6.png
Meloetta,648,https://i.imgur.com/lUvdOib.png
Genesect,649,https://i.imgur.com/davXFn7.png
Chespin,650,https://i.imgur.com/XtTwaf8.png
Quilladin,651,https://i.imgur.com/0ocODxN.png
Chesnaught,652,https://i.imgur.com/YqzyS7s.png
Fennekin,653,https://i.imgur.com/QqGCtW6.png
Braixen,654,https://i.imgur.com/yFFT5SO.png
Delphox,655,https://i.imgur.com/1yMmGCM.png
Froakie,656,https://i.imgur.com/g3F4CQU.png
Frogadier,657,https://i.imgur.com/9xCTh5l.png
Greninja,658,https://i.imgur.com/53cwTJ5.png
Bunnelby,659,https://i.imgur.com/7RpgLSJ.png
Diggersby,660,https://i.imgur.com/Cu8sa3Q.png
Fletchling,661,https://i.imgur.com/2GVL8yL.png
Fletchinder,662,https://i.imgur.com/0nJzkia.png
Talonflame,663,https://i.imgur.com/iAA3FHK.png
Scatterbug,664,https://i.imgur.com/dInnsTl.png
Spewpa,665,https://i.imgur.com/iB6yVLW.png
Vivillon,666,https://i.imgur.com/24jJI2N.png
Litleo,667,https://i.imgur.com/iyEVXjk.png
Pyroar,668,https://i.imgur.com/zqvWSL7.png
Flabébé,669,https://i.imgur.com/uT6FmLN.png
Floette,670,https://i.imgur.com/m5dUZws.png
Florges,671,https://i.imgur.com/ru9FNSH.png
Skiddo,672,https://i.imgur.com/ZNCG2Px.png
Gogoat,673,https://i.imgur.com/Ohab3G8.png
Pancham,674,https://i.imgur.com/3RcPuo6.png
Pangoro,675,https://i.imgur.com/cfs258e.png
Furfrou,676,https://i.imgur.com/IdnZWgS.png
Espurr,677,https://i.imgur.com/oDbhOEO.png
Meowstic,678,https://i.imgur.com/2A61c35.png
Honedge,679,https://i.imgur.com/STlmsyS.png
Doublade,680,https://i.imgur.com/WXBtESK.png
Aegislash,681,https://i.imgur.com/AlS8FiB.png
Spritzee,682,https://i.imgur.com/ZJpz09o.png
Aromatisse,683,https://i.imgur.com/Jg6WClh.png
Swirlix,684,https://i.imgur.com/MhSI9AL.png
Slurpuff,685,https://i.imgur.com/fcdtAg7.png
Inkay,686,https://i.imgur.com/Ihc7Lu1.png
Malamar,687,https://i.imgur.com/qTf5YvX.png
Binacle,688,https://i.imgur.com/oah6JTB.png
Barbaracle,689,https://i.imgur.com/3to4rud.png
Skrelp,690,https://i.imgur.com/ItTaKyL.png
Dragalge,691,https://i.imgur.com/9V8ggZG.png
Clauncher,692,https://i.imgur.com/SUspOTX.png
Clawitzer,693,https://i.imgur.com/i1lAS0t.png
Helioptile,694,https://i.imgur.com/KLVWyYL.png
Heliolisk,695,https://i.imgur.com/vHE7XqV.png
Tyrunt,696,https://i.imgur.com/WaBi6WU.png
Tyrantrum,697,https://i.imgur.com/2NPir1t.png
Amaura,698,https://i.imgur.com/egGJhWb.png
Aurorus,699,https://i.imgur.com/ZuTgO2O.png
Sylveon,700,https://i.imgur.com/NgfrAuB.png
Hawlucha,701,https://i.imgur.com/IAvQeqy.png
Dedenne,702,https://i.imgur.com/4u6Qu1l.png
Carbink,703,https://i.imgur.com/CeCRPMp.png
Goomy,704,https://i.imgur.com/x4uTYrM.png
Sliggoo,705,https://i.imgur.com/QFsvE6p.png
Goodra,706,https://i.imgur.com/0SlSiuq.png
Klefki,707,https://i.imgur.com/GiZ3B0g.png
Phantump,708,https://i.imgur.com/xo7SEvy.png
Trevenant,709,https://i.imgur.com/jYQIHtb.png
Pumpkaboo,710,https://i.imgur.com/XCoOotk.png
Gourgeist,711,https://i.imgur.com/lXOUoa2.png
Bergmite,712,https://i.imgur.com/ATbub8c.png
Avalugg,713,https://i.imgur.com/cr4Mxdu.png
Noibat,714,https://i.imgur.com/9teyD4c.png
Noivern,715,https://i.imgur.com/vVL5ds6.png
Xerneas,716,https://i.imgur.com/r11CxXA.png
Yveltal,717,https://i.imgur.com/eDhT5Xu.png
Zygarde,718,https://i.imgur.com/UsNPChJ.png
Diancie,719,https://i.imgur.com/GyXAXs5.png
Hoopa,720,https://i.imgur.com/F5FFgxg.png
Volcanion,721,https://i.imgur.com/eYOflMn.png
Rowlet,722,https://i.imgur.com/pZJEFZo.png
Dartrix,723,https://i.imgur.com/aj2WsQ9.png
Decidueye,724,https://i.imgur.com/rDu1FQX.png
Litten,725,https://i.imgur.com/9D3dn3R.png
Torracat,726,https://i.imgur.com/Ac8SpAR.png
Incineroar,727,https://i.imgur.com/Voz2xtH.png
Popplio,728,https://i.imgur.com/uKxMKhI.png
Brionne,729,https://i.imgur.com/y3rOSPw.png
Primarina,730,https://i.imgur.com/eGldIvo.png
Pikipek,731,https://i.imgur.com/yRNAskN.png
Trumbeak,732,https://i.imgur.com/3wRH5L9.png
Toucannon,733,https://i.imgur.com/sP5WOg4.png
Yungoos,734,https://i.imgur.com/7ciasSi.png
Gumshoos,735,https://i.imgur.com/GvNjR0C.png
Grubbin,736,https://i.imgur.com/bvjU1zj.png
Charjabug,737,https://i.imgur.com/I1P2txu.png
Vikavolt,738,https://i.imgur.com/uBlqfN6.png
Crabrawler,739,https://i.imgur.com/WAxupTk.png
Crabominable,740,https://i.imgur.com/Owj7Qis.png
Oricorio,741,https://i.imgur.com/7vq1TVa.png
Cutiefly,742,https://i.imgur.com/0FZBrhS.png
Ribombee,743,https://i.imgur.com/nN0bHOc.png
Rockruff,744,https://i.imgur.com/6KMfqcJ.png
Lycanroc,745,https://i.imgur.com/nPdwvVo.png
Wishiwashi,746,https://i.imgur.com/yBMMcTs.png
Mareanie,747,https://i.imgur.com/jUU6DoV.png
Toxapex,748,https://i.imgur.com/FiQRQI0.png
Mudbray,749,https://i.imgur.com/FwObixe.png
Mudsdale,750,https://i.imgur.com/dG7M7yo.png
Dewpider,751,https://i.imgur.com/Bhydm7x.png
Araquanid,752,https://i.imgur.com/a50Mon3.png
Fomantis,753,https://i.imgur.com/v4myYhx.png
Lurantis,754,https://i.imgur.com/3bNFbRH.png
Morelull,755,https://i.imgur.com/wFKGhdY.png
Shiinotic,756,https://i.imgur.com/QkfqRH0.png
Salandit,757,https://i.imgur.com/qaYBj7W.png
Salazzle,758,https://i.imgur.com/NQYGEie.png
Stufful,759,https://i.imgur.com/4G890os.png
Bewear,760,https://i.imgur.com/BJN0vUE.png
Bounsweet,761,https://i.imgur.com/oU8AJNY.png
Steenee,762,https://i.imgur.com/0RUoNWM.png
Tsareena,763,https://i.imgur.com/wFKpnOa.png
Comfey,764,https://i.imgur.com/JCcluq4.png
Oranguru,765,https://i.imgur.com/En32tME.png
Passimian,766,https://i.imgur.com/1XAWm4b.png
Wimpod,767,https://i.imgur.com/APxys8v.png
Golisopod,768,https://i.imgur.com/u6Wu3Bp.png
Sandygast,769,https://i.imgur.com/1q8j7nL.png
Palossand,770,https://i.imgur.com/Y8iQ0Yy.png
Pyukumuku,771,https://i.imgur.com/6UwbT88.png
Type: Null,772,https://i.imgur.com/W8bEoEL.png
Silvally,773,https://i.imgur.com/MH5AZsS.png
Minior,774,https://i.imgur.com/qk4EwQn.png
Komala,775,https://i.imgur.com/AofLSSC.png
Turtonator,776,https://i.imgur.com/887efg0.png
Togedemaru,777,https://i.imgur.com/zAyUhyT.png
Mimikyu,778,https://i.imgur.com/c6IfYuk.png
Bruxish,779,https://i.imgur.com/KgM2jqZ.png
Drampa,780,https://i.imgur.com/Y1pu828.png
Dhelmise,781,https://i.imgur.com/Y65TfW8.png
Jangmo-o,782,https://i.imgur.com/PUaGRBU.png
Hakamo-o,783,https://i.imgur.com/RNPhgxQ.png
Kommo-o,784,https://i.imgur.com/7zfbD5j.png
Tapu Koko,785,https://i.imgur.com/XRZ8EGM.png
Tapu Lele,786,https://i.imgur.com/8B4Ll10.png
Tapu Bulu,787,https://i.imgur.com/4uSZVML.png
Tapu Fini,788,https://i.imgur.com/GMxrUwd.png
Cosmog,789,https://i.imgur.com/3PWNEDG.png
Cosmoem,790,https://i.imgur.com/MasFYuX.png
Solgaleo,791,https://i.imgur.com/dzEMceP.png
Lunala,792,https://i.imgur.com/IBh3uqi.png
Nihilego,793,https://i.imgur.com/k9PHawF.png
Buzzwole,794,https://i.imgur.com/PSwFSgR.png
Pheromosa,795,https://i.imgur.com/j8nkaQy.png
Xurkitree,796,https://i.imgur.com/IJJjzrf.png
Celesteela,797,https://i.imgur.com/04385pc.png
Kartana,798,https://i.imgur.com/B7oC9oX.png
Guzzlord,799,https://i.imgur.com/hMwzmTg.png
Necrozma,800,https://i.imgur.com/9WTrsoU.png
Magearna,801,https://i.imgur.com/rNhS3LA.png
Marshadow,802,https://i.imgur.com/FL2UYyh.png
Poipole,803,https://i.imgur.com/GDnmzIu.png
Naganadel,804,https://i.imgur.com/xlhS4AQ.png
Stakataka,805,https://i.imgur.com/B7QH2LV.png
Blacephalon,806,https://i.imgur.com/A5gQyVd.png
Zeraora,807,https://i.imgur.com/nizUCSm.png
Meltan,808,https://i.imgur.com/Gie0vaw.png
Melmetal,809,https://i.imgur.com/m4wz2R8.png
Bob The Minion,6969,https://cdn.discordapp.com/attachments/429838928707846165/440781998433370123/448e4a3b9fa8727e34f02b33fb4fd9aa.png
